{"schemaVersion":"1.0","appDefinitionTemplate":{"id":"/providers/Microsoft.PowerApps/apps/","type":"Microsoft.PowerApps/apps","tags":{"primaryDeviceWidth":"1366","primaryDeviceHeight":"768","supportsPortrait":"true","supportsLandscape":"true","primaryFormFactor":"Tablet","showStatusBar":"false","publisherVersion":"3.24095.15","minimumRequiredApiVersion":"2.2.0","hasComponent":"true","hasUnlockedComponent":"true","isUnifiedRootApp":"false","sienaVersion":"20241014T024921Z-3.24095.15.0"},"properties":{"appVersion":"2024-10-14T02:49:21Z","lifeCycleId":"Published","createdByClientVersion":{"major":3,"minor":24095,"build":15,"revision":0,"majorRevision":0,"minorRevision":0},"minClientVersion":{"major":3,"minor":24095,"build":15,"revision":0,"majorRevision":0,"minorRevision":0},"backgroundColor":"RGBA(0,176,240,1)","backgroundImageUri":"/14884858360364063563/Nb8a92364-94b5-4776-8d54-21896ac1ebd2-logoSmallFile","displayName":"App Gestor de OS","description":"","commitMessage":"","appUris":{"documentUri":{"value":"/14884858360364063563/N9bcbf432-f922-4368-b551-d7114998b239-document.msapp"},"imageUris":[],"additionalUris":[{"isSolutionAware":false,"value":"/14884858360364063563/Nc03f3fc1-89c8-414f-bf2d-cada6514a963-identity.json"}]},"createdTime":"0001-01-01T00:00:00Z","lastModifiedTime":"0001-01-01T00:00:00Z","sharedGroupsCount":0,"sharedUsersCount":0,"connectionReferences":{"2cadf803-a46d-4921-853f-e04665e13ff8":{"id":"550c171c-5cd8-4b46-bf0a-86c86c3f8e6f","displayName":"SharePoint","iconUri":"https://connectoricons-prod.azureedge.net/u/jayawan/releases/v1.0.1697/1.0.1697.3786/sharepointonline/icon.png","dataSources":["Cabecalho_OS","Linhas_OS"],"dependencies":[],"dependents":[],"parameterHints":{},"parameterHintsV2":{},"isOnPremiseConnection":false,"bypassConsent":false,"dataSets":{"https://directyconsultoria.sharepoint.com/sites/TestePowerPlataform":{"dataSources":{"Cabecalho_OS":{"tableName":"01a9957f-eacc-4661-9005-b9a9cea43585"},"Linhas_OS":{"tableName":"deeacb31-a48b-4dc7-83b9-d394b713fbb4"}}}},"apiTier":"Standard","isCustomApiConnection":false,"actions":["providers/PowerPlatform.Governance/Operations/Read","providers/PowerPlatform.Governance/Operations/Write","providers/PowerPlatform.Governance/Operations/Delete"]},"d8d87aeb-045f-4bb1-af51-5d635eec7f37":{"id":"94ad12a5-e056-4660-a3a9-bf1eee659a2b","displayName":"Fluxos lógicos","iconUri":"https://connectoricons-prod.azureedge.net/releases/v1.0.1697/1.0.1697.3780/logicflows/icon.png","dataSources":["NOTIFICACAO"],"dependencies":["a858690a-ea85-4da5-951c-c20219ddcac8","9820f5d0-f185-4658-9c11-43ec4cb95dc8"],"dependents":[],"parameterHints":{"workflowName":{"value":"620a5b83-2fec-4369-803b-47c79244d0f4"},"workflowEntityId":{"value":"5212d941-d389-ef11-8a69-00224837db2a"},"workflowDisplayName":{"value":"NOTIFICACAO"},"a858690a-ea85-4da5-951c-c20219ddcac8":{"value":"shared_sharepointonline"},"9820f5d0-f185-4658-9c11-43ec4cb95dc8":{"value":"shared_sendmail"}},"parameterHintsV2":{"workflowName":{"value":"620a5b83-2fec-4369-803b-47c79244d0f4"},"workflowEntityId":{"value":"5212d941-d389-ef11-8a69-00224837db2a"},"workflowDisplayName":{"value":"NOTIFICACAO"},"shared_sharepointonline":{"value":"a858690a-ea85-4da5-951c-c20219ddcac8"},"shared_sendmail":{"value":"9820f5d0-f185-4658-9c11-43ec4cb95dc8"}},"isOnPremiseConnection":false,"bypassConsent":false,"dataSets":{},"apiTier":"Standard","isCustomApiConnection":false,"actions":["Run"],"nestedActions":[{"id":"/providers/Microsoft.PowerApps/apis/shared_sharepointonline/apiOperations/GetItems","apiName":"SharePoint","actionName":"GetItems","referencedResources":[{"key":"site","value":"https://directyconsultoria.sharepoint.com/sites/TestePowerPlataform"},{"key":"list","value":"01a9957f-eacc-4661-9005-b9a9cea43585"}]},{"id":"/providers/Microsoft.PowerApps/apis/shared_sendmail/apiOperations/SendEmailV3","apiName":"Email","actionName":"SendEmailV3","referencedResources":[]}]},"a858690a-ea85-4da5-951c-c20219ddcac8":{"id":"550c171c-5cd8-4b46-bf0a-86c86c3f8e6f","displayName":"SharePoint","iconUri":"https://connectoricons-prod.azureedge.net/u/jayawan/releases/v1.0.1697/1.0.1697.3786/sharepointonline/icon.png","dataSources":[],"dependencies":[],"dependents":["d8d87aeb-045f-4bb1-af51-5d635eec7f37"],"parameterHints":{},"parameterHintsV2":{},"isOnPremiseConnection":false,"bypassConsent":false,"dataSets":{},"apiTier":"Standard","isCustomApiConnection":false},"9820f5d0-f185-4658-9c11-43ec4cb95dc8":{"id":"fc3d0b25-8509-4c8c-981d-e126df45a1eb","displayName":"Email","iconUri":"https://connectoricons-prod.azureedge.net/releases/v1.0.1714/1.0.1714.3897/sendmail/icon.png","dataSources":[],"dependencies":[],"dependents":["d8d87aeb-045f-4bb1-af51-5d635eec7f37"],"parameterHints":{},"parameterHintsV2":{},"isOnPremiseConnection":false,"bypassConsent":false,"dataSets":{},"apiTier":"Standard","isCustomApiConnection":false}},"databaseReferences":{"default.cds":{"databaseDetails":{"referenceType":"Environmental","environmentName":"default.cds","overrideValues":{"status":"NotSpecified","environmentVariableName":""}},"dataSources":{"Cabecalho_OSs":{"entitySetName":"cr0b6_cabecalho_oses","logicalName":"cr0b6_cabecalho_os","isHidden":false},"Linhas_OSs":{"entitySetName":"cr0b6_linhas_oses","logicalName":"cr0b6_linhas_os","isHidden":false}}}},"almMode":"Solution","performanceOptimizationEnabled":false,"canConsumeAppPass":false,"enableModernRuntimeMode":false,"executionRestrictions":{"isTeamsOnly":false,"dataLossPreventionEvaluationResult":{"status":"Compliant","lastEvaluationDate":"2024-10-14T02:54:51.7686518Z","violations":[],"violationsByPolicy":[],"violationErrorMessage":"O aplicativo usa os seguintes conectores: shared_sharepointonline, shared_logicflows, shared_sendmail, shared_commondataservice."},"httpActionRestriction":{"appUsesSharepointHttpAction":false,"enforcementStrategy":"Legacy","evaluationTime":"2024-10-14T02:54:51.7685526Z"}}},"appType":"ClassicCanvasApp","appComponents":[]}}