{"name":"667e9100-3029-2646-a69f-3e65da8e8a0d","id":"/providers/Microsoft.Flow/flows/667e9100-3029-2646-a69f-3e65da8e8a0d","type":"Microsoft.Flow/flows","properties":{"apiId":"/providers/Microsoft.PowerApps/apis/shared_logicflows","displayName":"NOTIFICACAO","definition":{"metadata":{"workflowEntityId":"5212d941-d389-ef11-8a69-00224837db2a","processAdvisorMetadata":null,"flowChargedByPaygo":null,"flowclientsuspensionreason":"None","flowclientsuspensiontime":null,"flowclientsuspensionreasondetails":null,"creator":{"id":"11410cd0-acfc-4b4b-a10d-6002fd2c92d8","type":"User","tenantId":"ba389582-043b-40aa-8ebe-cfb0ae282833"},"provisioningMethod":"FromDefinition","failureAlertSubscription":true,"clientLastModifiedTime":"2024-10-14T02:40:27.5542496Z","connectionKeySavedTimeKey":"2024-10-14T02:40:27.5542496Z"},"$schema":"https://schema.management.azure.com/providers/Microsoft.Logic/schemas/2016-06-01/workflowdefinition.json#","contentVersion":"1.0.0.0","parameters":{"$connections":{"defaultValue":{},"type":"Object"},"$authentication":{"defaultValue":{},"type":"SecureObject"}},"triggers":{"manual":{"metadata":{"operationMetadataId":"93356ab7-71cc-4c28-a9a7-6fb76342772c"},"type":"Request","kind":"PowerAppV2","inputs":{"schema":{"type":"object","properties":{"number":{"title":"Número","type":"number","x-ms-dynamically-added":true,"description":"Insira um número","x-ms-content-hint":"NUMBER"}},"required":["number"]}}}},"actions":{"Obter_itens":{"runAfter":{},"metadata":{"operationMetadataId":"f51a2c4d-0dc8-46df-870a-95e1bb48fdda"},"type":"OpenApiConnection","inputs":{"host":{"apiId":"/providers/Microsoft.PowerApps/apis/shared_sharepointonline","connectionName":"shared_sharepointonline","operationId":"GetItems"},"parameters":{"dataset":"https://directyconsultoria.sharepoint.com/sites/TestePowerPlataform","table":"01a9957f-eacc-4661-9005-b9a9cea43585"},"authentication":{"value":"@json(decodeBase64(triggerOutputs().headers['X-MS-APIM-Tokens']))['$ConnectionKey']","type":"Raw"}}},"Aplicar_a_cada":{"foreach":"@outputs('Obter_itens')?['body/value']","actions":{"Enviar_uma_notificação_por_email_(V3)":{"runAfter":{},"metadata":{"operationMetadataId":"1e95d275-8be4-43fe-bbd5-6f48bc252dae"},"type":"OpenApiConnection","inputs":{"host":{"apiId":"/providers/Microsoft.PowerApps/apis/shared_sendmail","connectionName":"shared_sendmail","operationId":"SendEmailV3"},"parameters":{"request/to":"@{items('Aplicar_a_cada')?['Author/Email']};","request/subject":"Nova OS criada","request/text":"<p>Nova OS criada</p>"},"authentication":{"value":"@json(decodeBase64(triggerOutputs().headers['X-MS-APIM-Tokens']))['$ConnectionKey']","type":"Raw"}}}},"runAfter":{"Obter_itens":["Succeeded"]},"metadata":{"operationMetadataId":"63da1f92-bdb7-4edd-b892-859d9de11acd"},"type":"Foreach"}}},"connectionReferences":{"shared_sharepointonline":{"connectionName":"shared-sharepointonl-36419ae9-8a4b-4cc5-9e3d-dc372ad60e2b","source":"Invoker","id":"/providers/Microsoft.PowerApps/apis/shared_sharepointonline","tier":"NotSpecified"},"shared_sendmail":{"connectionName":"shared-sendmail-5fdd49b5-3bd7-4327-acc3-d1924f111e60","source":"Invoker","id":"/providers/Microsoft.PowerApps/apis/shared_sendmail","tier":"NotSpecified"}},"flowFailureAlertSubscribed":false,"isManaged":false}}